Ticker,BZ=F,CL=F,GC=F,HG=F,HO=F,NG=F,RB=F,SI=F,ZC=F,ZL=F,ZM=F,ZS=F,ZW=F
BZ=F,0.17385623227000954,0.24307860801895476,0.003110114330601105,0.02016162248245132,0.13420480307086133,0.025702167374231186,0.13967750971022116,0.014809422416945085,0.016919038850044456,0.03611433074869018,0.003869926891049708,0.01574398071554635,0.0196773432923035
CL=F,0.24307860801895476,1.4873646863938672,0.0053550151579425,0.029304204276964407,0.19157133453754224,0.005489694613068303,0.20605306920933567,0.01768412675314426,0.030972566396783505,0.046015983407669346,0.006407050481976318,0.019821891068478082,0.012858290473727685
GC=F,0.003110114330601105,0.0053550151579425,0.03100650824383389,0.014396990782726679,0.0014097415450717568,0.003142965661712242,0.0036734201526731885,0.04900232802776417,0.002839468249691024,0.004326788766024442,0.00195580371203103,0.002978948964384447,0.004092426744797285
HG=F,0.02016162248245132,0.029304204276964407,0.014396990782726679,0.06382873796458634,0.015248215444696607,0.0012675192803635628,0.023353666472091188,0.03948375481462997,0.006045501922790987,0.013011812782377046,0.004362581319543783,0.009339745142482354,0.006783346381213245
HO=F,0.13420480307086133,0.19157133453754224,0.0014097415450717568,0.015248215444696607,0.173400246402439,0.04418367367597415,0.12516239215628114,0.008172890962966953,0.015996770599276306,0.03932839448552646,0.0030165310940026323,0.015928473324793274,0.0165479865145012
NG=F,0.025702167374231186,0.005489694613068303,0.003142965661712242,0.0012675192803635628,0.04418367367597415,0.5158481136594033,0.02995386844711873,0.005044170267556605,0.009020619474358095,0.013322785126295261,0.003369237030235994,0.007493195654037138,0.007987221141478358
RB=F,0.13967750971022116,0.20605306920933567,0.0036734201526731885,0.023353666472091188,0.12516239215628114,0.02995386844711873,0.20533266819493895,0.014857846245066844,0.015483333677660034,0.03511271046424962,0.0003050182822701805,0.014088874314250781,0.0158056592730429
SI=F,0.014809422416945085,0.01768412675314426,0.04900232802776417,0.03948375481462997,0.008172890962966953,0.005044170267556605,0.014857846245066844,0.1300694297524779,0.007518108083759253,0.013717994319638886,0.0034044684258694065,0.008158939025535543,0.00831312408167007
ZC=F,0.016919038850044456,0.030972566396783505,0.002839468249691024,0.006045501922790987,0.015996770599276306,0.009020619474358095,0.015483333677660034,0.007518108083759253,0.06688618311263127,0.021239706671403936,0.02525750119351699,0.02805438108412296,0.04310326149399782
ZL=F,0.03611433074869018,0.046015983407669346,0.004326788766024442,0.013011812782377046,0.03932839448552646,0.013322785126295261,0.03511271046424962,0.013717994319638886,0.021239706671403936,0.0765903421235244,0.0046725227023512676,0.029999299748361196,0.01971852474125099
ZM=F,0.003869926891049708,0.006407050481976318,0.00195580371203103,0.004362581319543783,0.0030165310940026323,0.003369237030235994,0.0003050182822701805,0.0034044684258694065,0.02525750119351699,0.0046725227023512676,0.06576536899837745,0.03496594261718408,0.0202143294969321
ZS=F,0.01574398071554635,0.019821891068478082,0.002978948964384447,0.009339745142482354,0.015928473324793274,0.007493195654037138,0.014088874314250781,0.008158939025535543,0.02805438108412296,0.029999299748361196,0.03496594261718408,0.040679772041473,0.022946025482559883
ZW=F,0.0196773432923035,0.012858290473727685,0.004092426744797285,0.006783346381213245,0.0165479865145012,0.007987221141478358,0.0158056592730429,0.00831312408167007,0.04310326149399782,0.01971852474125099,0.0202143294969321,0.022946025482559883,0.10474167363848816
