ticker,name,type,mmbtu_per_unit,kg_co2_per_mmbtu,exp_return,vol,carbon
BZ=F,Brent crude oil,oil,5.8,73.15,0.13972303666629546,0.41696070830476295,5743.7594860177305
CL=F,WTI crude oil,oil,5.8,73.15,-0.2612481279724971,1.219575617333287,6136.8212645964095
GC=F,Gold,metal,0.0,12.0,0.14885431232799473,0.17608664981716785,0.0
HG=F,Copper,metal,0.0,4.5,0.11495290697097055,0.25264349974734424,0.0
HO=F,Heating oil,heating_oil,0.1385,73.15,0.1816234247100398,0.4164135521359013,4169.538601013107
NG=F,Natural gas,gas,1.0,53.06,0.2654686687916978,0.7182256704263662,16016.157730871186
RB=F,RBOB gasoline,gasoline,0.125,70.66,0.17085520130051574,0.4531364785524765,4075.2229599476527
SI=F,Silver,metal,0.0,18.0,0.2119792918140952,0.3606513964377206,0.0
ZC=F,Corn,agriculture,0.0,1.2,0.06903505526030358,0.25862363216193385,0.0
ZL=F,Soybean Oil,agriculture,0.0,1.8,0.11966119470385968,0.2767496018488996,0.0
ZM=F,Soybean Meal,agriculture,0.0,1.3,0.05065861059431676,0.25644759503332737,0.0
ZS=F,Soybeans,agriculture,0.0,1.5,0.054955181294584286,0.20169227065376846,0.0
ZW=F,Wheat,agriculture,0.0,1.0,0.10168795001760735,0.32363818322084337,0.0
